"speciesCode","comNameCode","bandingCode","sciNameCode","comName","sciName"
"emu1","EMU COEM","","DRNO","Emu","Dromaius novaehollandiae"
"bahgoo","BHGO","","ANIN","Bar-headed Goose","Anser indicus"
"empgoo","","EMGO","ANCA","Emperor Goose","Anser canagicus"
"snogoo","","SNGO","ANCA","Snow Goose","Anser caerulescens"
"rosgoo","","ROGO","ANRO","Ross's Goose","Anser rossii"
"sxrgoo1","SNGO ROGO","SRGH","ANRO ANCA","Snow x Ross's Goose (hybrid)","Anser caerulescens x rossii"
"gragoo","","GRGO","ANAN","Graylag Goose","Anser anser"
"swagoo1","SWGO","","ANCY","Swan Goose","Anser cygnoides"
"x00776","GRGO SWGO","","ANAN ANCY","Graylag x Swan Goose (hybrid)","Anser anser x cygnoides"
"gwfgoo","","GWFG","ANAL","Greater White-fronted Goose","Anser albifrons"
"taibeg1","BEGO TBGO","TABG","ANFA","Taiga Bean-Goose","Anser fabalis"
"pifgoo","","PFGO","ANBR","Pink-footed Goose","Anser brachyrhynchus"
"brant","BRGO","BRAN","BRBE","Brant","Branta bernicla"
"bargoo","BAGO","BARG","BRLE","Barnacle Goose","Branta leucopsis"
"cacgoo1","CAGO","CACG","BRHU","Cackling Goose","Branta hutchinsii"
"x00414","GWFG CACG CAGO","","ANAL BRHU","Greater White-fronted x Cackling Goose (hybrid)","Anser albifrons x Branta hutchinsii"
"cangoo","CAGO","CANG","BRCA","Canada Goose","Branta canadensis"
"swagoo3","CANG CAGO SWGO","","ANCY BRCA","Swan Goose x Canada Goose (hybrid)","Anser cygnoides x Branta canadensis"
"x00415","CANG GWFG CAGO","","BRCA ANAL","Greater White-fronted x Canada Goose (hybrid)","Anser albifrons x Branta canadensis"
"x00758","CANG CAGO GRGO","","ANAN BRCA","Graylag x Canada Goose (hybrid)","Anser anser x Branta canadensis"
"x00759","","","","Domestic goose sp. x Canada Goose (hybrid)","Anser sp. (Domestic type) x Branta canadensis"
"mutswa","","MUSW","CYOL","Mute Swan","Cygnus olor"
"blkswa","BLSW","","CYAT","Black Swan","Cygnus atratus"
"truswa","TRSW","TRUS","CYBU","Trumpeter Swan","Cygnus buccinator"
"x00832","MUSW TRSW TRUS","","CYOL CYBU","Mute x Trumpeter Swan (hybrid)","Cygnus olor x buccinator"
"tunswa","BESW","TUSW","CYCO","Tundra Swan","Cygnus columbianus"
"whoswa","WHSW","WHOS","CYCY","Whooper Swan","Cygnus cygnus"
"egygoo","","EGGO","ALAE","Egyptian Goose","Alopochen aegyptiaca"
"rudshe","","RUSH","TAFE","Ruddy Shelduck","Tadorna ferruginea"
"musduc","","MUDU","CAMO","Muscovy Duck","Cairina moschata"
"rintea1","RITE","","CALE","Ringed Teal","Callonetta leucophrys"
"wooduc","CWDU","WODU","AISP","Wood Duck","Aix sponsa"
"manduc","MADU","","AIGA","Mandarin Duck","Aix galericulata"
"x00833","WODU CWDU MADU","","AIGA AISP","Wood x Mandarin Duck (hybrid)","Aix sponsa x galericulata"
"baitea","","BATE","SIFO","Baikal Teal","Sibirionetta formosa"
"gargan","","GARG","SPQU","Garganey","Spatula querquedula"
"buwtea","","BWTE","SPDI","Blue-winged Teal","Spatula discors"
"cintea","","CITE","SPCY","Cinnamon Teal","Spatula cyanoptera"
"bwxtea1","CITE BWTE","","SPDI SPCY","Blue-winged x Cinnamon Teal (hybrid)","Spatula discors x cyanoptera"
"norsho","NOSH","NSHO","SPCL","Northern Shoveler","Spatula clypeata"
"x00629","NSHO BWTE NOSH","","SPCL SPDI","Blue-winged Teal x Northern Shoveler (hybrid)","Spatula discors x clypeata"
"x00630","CITE NSHO NOSH","","SPCL SPCY","Cinnamon Teal x Northern Shoveler (hybrid)","Spatula cyanoptera x clypeata"
"gadwal","","GADW","MAST","Gadwall","Mareca strepera"
"falduc","","FADU","MAFA","Falcated Duck","Mareca falcata"
"eurwig","","EUWI","MAPE","Eurasian Wigeon","Mareca penelope"
"amewig","","AMWI","MAAM","American Wigeon","Mareca americana"
"x00724","AMWI GADW","","MAST MAAM","Gadwall x American Wigeon (hybrid)","Mareca strepera x americana"
"x00421","AMWI EUWI","","MAPE MAAM","Eurasian x American Wigeon (hybrid)","Mareca penelope x americana"
"mallar3","","MALL","ANPL","Mallard","Anas platyrhynchos"
"mdxmal1","MUDU MALL","","ANPL CAMO","Muscovy Duck x Mallard (hybrid)","Cairina moschata x Anas platyrhynchos"
"x00612","NSHO NOSH MALL","","SPCL ANPL","Northern Shoveler x Mallard (hybrid)","Spatula clypeata x Anas platyrhynchos"
"x00420","GADW MALL","","MAST ANPL","Gadwall x Mallard (hybrid)","Mareca strepera x Anas platyrhynchos"
"x00611","AMWI MALL","","ANPL MAAM","American Wigeon x Mallard (hybrid)","Mareca americana x Anas platyrhynchos"
"ambduc","","ABDU","ANRU","American Black Duck","Anas rubripes"
"x00004","ABDU MALL","MBDH","ANRU ANPL","Mallard x American Black Duck (hybrid)","Anas platyrhynchos x rubripes"
"whcpin","WCPI","WCHP","ANBA","White-cheeked Pintail","Anas bahamensis"
"norpin","","NOPI","ANAC","Northern Pintail","Anas acuta"
"x00610","GADW NOPI","","ANAC MAST","Gadwall x Northern Pintail (hybrid)","Mareca strepera x Anas acuta"
"x00196","AMWI NOPI","","ANAC MAAM","American Wigeon x Northern Pintail (hybrid)","Mareca americana x Anas acuta"
"x00628","NOPI MALL","","ANAC ANPL","Mallard x Northern Pintail (hybrid)","Anas platyrhynchos x acuta"
"gnwtea","EUTE CWTE EWTE","GWTE","ANCR","Green-winged Teal","Anas crecca"
"x00673","GWTE BWTE EUTE CWTE EWTE","","SPDI ANCR","Blue-winged x Green-winged Teal (hybrid)","Spatula discors x Anas crecca"
"x00646","AMWI GWTE EUTE CWTE EWTE","","ANCR MAAM","American Wigeon x Green-winged Teal (hybrid)","Mareca americana x Anas crecca"
"x00725","GWTE EUTE CWTE EWTE NOPI","","ANAC ANCR","Northern Pintail x Green-winged Teal (hybrid)","Anas acuta x crecca"
"recpoc","RCPO","","NERU","Red-crested Pochard","Netta rufina"
"canvas","","CANV","AYVA","Canvasback","Aythya valisineria"
"redhea","","REDH","AYAM","Redhead","Aythya americana"
"compoc","COPO","COMP","AYFE","Common Pochard","Aythya ferina"
"rinduc","","RNDU","AYCO","Ring-necked Duck","Aythya collaris"
"x00880","CANV RNDU","","AYVA AYCO","Canvasback x Ring-necked Duck (hybrid)","Aythya valisineria x collaris"
"tufduc","","TUDU","AYFU","Tufted Duck","Aythya fuligula"
"gresca","","GRSC","AYMA","Greater Scaup","Aythya marila"
"x00779","GRSC RNDU","","AYCO AYMA","Ring-necked Duck x Greater Scaup (hybrid)","Aythya collaris x marila"
"lessca","","LESC","AYAF","Lesser Scaup","Aythya affinis"
"x00613","LESC RNDU","","AYCO AYAF","Ring-necked Duck x Lesser Scaup (hybrid)","Aythya collaris x affinis"
"x00653","TUDU LESC","","AYFU AYAF","Tufted Duck x Lesser Scaup (hybrid)","Aythya fuligula x affinis"
"x00377","CANV","","AYVA","Canvasback x scaup sp. (hybrid)","Aythya valisineria x marila/affinis"
"x00681","REDH","","AYAM","Redhead x scaup sp. (hybrid)","Aythya americana x marila/affinis"
"x00682","RNDU","","AYCO","Ring-necked Duck x scaup sp. (hybrid)","Aythya collaris x marila/affinis"
"tdxsca1","TUDU","","AYFU","Tufted Duck x scaup sp. (hybrid)","Aythya fuligula x marila/affinis"
"steeid","","STEI","POST","Steller's Eider","Polysticta stelleri"
"kineid","","KIEI","SOSP","King Eider","Somateria spectabilis"
"comeid","","COEI","SOMO","Common Eider","Somateria mollissima"
"harduc","","HADU","HIHI","Harlequin Duck","Histrionicus histrionicus"
"sursco","","SUSC","MEPE","Surf Scoter","Melanitta perspicillata"
"whwsco2","","WWSC","MEDE","White-winged Scoter","Melanitta deglandi"
"x00882","WWSC SUSC","","MEDE MEPE","Surf x White-winged Scoter (hybrid)","Melanitta perspicillata x deglandi"
"blksco2","","BLSC","MEAM","Black Scoter","Melanitta americana"
"lotduc","","LTDU","CLHY","Long-tailed Duck","Clangula hyemalis"
"buffle","","BUFF","BUAL","Bufflehead","Bucephala albeola"
"comgol","","COGO","BUCL","Common Goldeneye","Bucephala clangula"
"x00655","BUFF COGO","","BUAL BUCL","Bufflehead x Common Goldeneye (hybrid)","Bucephala albeola x clangula"
"x00909","BUFF","","BUAL","Bufflehead x goldeneye sp. (hybrid)","Bucephala albeola x clangula/islandica"
"bargol","","BAGO","BUIS","Barrow's Goldeneye","Bucephala islandica"
"cxbgol1","BAGO COGO","","BUIS BUCL","Common x Barrow's Goldeneye (hybrid)","Bucephala clangula x islandica"
"smew","","SMEW","MEAL","Smew","Mergellus albellus"
"hoomer","","HOME","LOCU","Hooded Merganser","Lophodytes cucullatus"
"x00425","HOME COGO","","LOCU BUCL","Common Goldeneye x Hooded Merganser (hybrid)","Bucephala clangula x Lophodytes cucullatus"
"x00426","BAGO HOME","","BUIS LOCU","Barrow's Goldeneye x Hooded Merganser (hybrid)","Bucephala islandica x Lophodytes cucullatus"
"x00631","BAGO HOME COGO","","BUIS LOCU BUCL","goldeneye sp. x Hooded Merganser (hybrid)","Bucephala clangula/islandica x Lophodytes cucullatus"
"commer","GOOS","COME","MEME","Common Merganser","Mergus merganser"
"rebmer","","RBME","MESE","Red-breasted Merganser","Mergus serrator"
"rudduc","","RUDU","OXJA","Ruddy Duck","Oxyura jamaicensis"
"helgui","HEGU","HELG","NUME","Helmeted Guineafowl","Numida meleagris"
"mouqua","MOQU","MOUQ","ORPI","Mountain Quail","Oreortyx pictus"
"norbob","","NOBO","COVI","Northern Bobwhite","Colinus virginianus"
"calqua","","CAQU","CACA","California Quail","Callipepla californica"
"wiltur","","WITU","MEGA","Wild Turkey","Meleagris gallopavo"
"rufgro","","RUGR","BOUM","Ruffed Grouse","Bonasa umbellus"
"dusgro","","DUGR","DEOB","Dusky Grouse","Dendragapus obscurus"
"soogro1","","SOGR","DEFU","Sooty Grouse","Dendragapus fuliginosus"
"shtgro","","STGR","TYPH","Sharp-tailed Grouse","Tympanuchus phasianellus"
"whtpta1","","WTPT","LALE","White-tailed Ptarmigan","Lagopus leucura"
"wilpta","WIGR RGGR","WIPT","LALA","Willow Ptarmigan","Lagopus lagopus"
"rocpta1","","ROPT","LAMU","Rock Ptarmigan","Lagopus muta"
"sprgro","","SPGR","CACA","Spruce Grouse","Canachites canadensis"
"grypar","GRPA","GRAP","PEPE","Gray Partridge","Perdix perdix"
"golphe","GOPH","","CHPI","Golden Pheasant","Chrysolophus pictus"
"rinphe1","RNPH COPH","RNEP","PHCO","Ring-necked Pheasant","Phasianus colchicus"
"x01018","RNEP GRPH RNPH COPH","","PHCO PHVE","Ring-necked x Green Pheasant (hybrid)","Phasianus colchicus x versicolor"
"silphe","SIPH","","LONY","Silver Pheasant","Lophura nycthemera"
"compea","","INPE","PACR","Indian Peafowl","Pavo cristatus"
"comqua1","COQU","","COCO","Common Quail","Coturnix coturnix"
"chukar","CHPA","CHUK","ALCH","Chukar","Alectoris chukar"
"grefla2","","AMFL","PHRU","American Flamingo","Phoenicopterus ruber"
"pibgre","","PBGR","POPO","Pied-billed Grebe","Podilymbus podiceps"
"horgre","SLGR","HOGR","POAU","Horned Grebe","Podiceps auritus"
"rengre","","RNGR","POGR","Red-necked Grebe","Podiceps grisegena"
"eargre","BNGR","EAGR","PONI","Eared Grebe","Podiceps nigricollis"
"wesgre","","WEGR","AEOC","Western Grebe","Aechmophorus occidentalis"
"clagre","","CLGR","AECL","Clark's Grebe","Aechmophorus clarkii"
"x00427","WEGR CLGR","","AEOC AECL","Western x Clark's Grebe (hybrid)","Aechmophorus occidentalis x clarkii"
"rocpig","ROPI RODO","","COLI","Rock Pigeon","Columba livia"
"batpig1","NBTP","BTPI","PAFA","Band-tailed Pigeon","Patagioenas fasciata"
"ortdov","OTDO RTDO","ORTD","STOR","Oriental Turtle-Dove","Streptopelia orientalis"
"eucdov","CODO ECDO","EUCD","STDE","Eurasian Collared-Dove","Streptopelia decaocto"
"afcdov1","ACDO","AFCD","STRO","African Collared-Dove","Streptopelia roseogrisea"
"whwdov","","WWDO","ZEAS","White-winged Dove","Zenaida asiatica"
"moudov","","MODO","ZEMA","Mourning Dove","Zenaida macroura"
"yebcuc","","YBCU","COAM","Yellow-billed Cuckoo","Coccyzus americanus"
"bkbcuc","","BBCU","COER","Black-billed Cuckoo","Coccyzus erythropthalmus"
"lesnig","","LENI","CHAC","Lesser Nighthawk","Chordeiles acutipennis"
"comnig","","CONI","CHMI","Common Nighthawk","Chordeiles minor"
"compoo","","COPO","PHNU","Common Poorwill","Phalaenoptilus nuttallii"
"blkswi","ABSW","BLSW","CYNI","Black Swift","Cypseloides niger"
"vauswi","","VASW","CHVA","Vaux's Swift","Chaetura vauxi"
"whtswi","","WTSW","AESA","White-throated Swift","Aeronautes saxatalis"
"maghum1","MAHU","RIHU","EUFU","Rivoli's Hummingbird","Eugenes fulgens"
"rthhum","","RTHU","ARCO","Ruby-throated Hummingbird","Archilochus colubris"
"bkchum","","BCHU","ARAL","Black-chinned Hummingbird","Archilochus alexandri"
"annhum","","ANHU","CAAN","Anna's Hummingbird","Calypte anna"
"x00651","ANHU BCHU","","CAAN ARAL","Black-chinned x Anna's Hummingbird (hybrid)","Archilochus alexandri x Calypte anna"
"coshum","","COHU","CACO","Costa's Hummingbird","Calypte costae"
"calhum","","CAHU","SECA","Calliope Hummingbird","Selasphorus calliope"
"rufhum","","RUHU","SERU","Rufous Hummingbird","Selasphorus rufus"
"x00738","BCHU RUHU","","ARAL SERU","Black-chinned x Rufous Hummingbird (hybrid)","Archilochus alexandri x Selasphorus rufus"
"x00626","ANHU RUHU","","CAAN SERU","Anna's x Rufous Hummingbird (hybrid)","Calypte anna x Selasphorus rufus"
"brthum","","BTHU","SEPL","Broad-tailed Hummingbird","Selasphorus platycercus"
"xanhum","","XAHU","BAXA","Xantus's Hummingbird","Basilinna xantusii"
"virrai","","VIRA","RALI","Virginia Rail","Rallus limicola"
"sora","","SORA","POCA","Sora","Porzana carolina"
"comgal1","AMMO","COGA","GAGA","Common Gallinule","Gallinula galeata"
"y00475","","AMCO","FUAM","American Coot","Fulica americana"
"yelrai","","YERA","CONO","Yellow Rail","Coturnicops noveboracensis"
"demcra1","DECR","","ANVI","Demoiselle Crane","Anthropoides virgo"
"sancra","","SACR","ANCA","Sandhill Crane","Antigone canadensis"
"comcra","COCR","CCRA","GRGR","Common Crane","Grus grus"
"bknsti","BWST BNBS","BNST","HIME","Black-necked Stilt","Himantopus mexicanus"
"ameavo","","AMAV","REAM","American Avocet","Recurvirostra americana"
"blkoys","","BLOY","HABA","Black Oystercatcher","Haematopus bachmani"
"bkbplo","GRPL","BBPL","PLSQ","Black-bellied Plover","Pluvialis squatarola"
"amgplo","AGPL","AMGP","PLDO","American Golden-Plover","Pluvialis dominica"
"pagplo","PGPL","PAGP","PLFU","Pacific Golden-Plover","Pluvialis fulva"
"killde","","KILL","CHVO","Killdeer","Charadrius vociferus"
"corplo","RIPL","CRPL","CHHI","Common Ringed Plover","Charadrius hiaticula"
"semplo","","SEPL","CHSE","Semipalmated Plover","Charadrius semipalmatus"
"pipplo","","PIPL","CHME","Piping Plover","Charadrius melodus"
"lessap2","LSPL LSDO SISD LESA SISP SSPL SSDO","LSAP","ANMO","Siberian Sand-Plover","Anarhynchus mongolus"
"snoplo5","","SNPL","ANNI","Snowy Plover","Anarhynchus nivosus"
"uplsan","","UPSA","BALO","Upland Sandpiper","Bartramia longicauda"
"brtcur","","BTCU","NUTA","Bristle-thighed Curlew","Numenius tahitiensis"
"whimbr","EUWH","WHIM","NUPH","Whimbrel","Numenius phaeopus"
"lobcur","","LBCU","NUAM","Long-billed Curlew","Numenius americanus"
"faecur","EACU","FECU","NUMA","Far Eastern Curlew","Numenius madagascariensis"
"batgod","","BTGO","LILA","Bar-tailed Godwit","Limosa lapponica"
"hudgod","","HUGO","LIHA","Hudsonian Godwit","Limosa haemastica"
"margod","","MAGO","LIFE","Marbled Godwit","Limosa fedoa"
"shbdow","","SBDO","LIGR","Short-billed Dowitcher","Limnodromus griseus"
"lobdow","","LBDO","LISC","Long-billed Dowitcher","Limnodromus scolopaceus"
"wilsni1","","WISN","GADE","Wilson's Snipe","Gallinago delicata"
"wilpha","","WIPH","PHTR","Wilson's Phalarope","Phalaropus tricolor"
"redpha1","GRPH","REPH","PHFU","Red Phalarope","Phalaropus fulicarius"
"renpha","","RNPH","PHLO","Red-necked Phalarope","Phalaropus lobatus"
"tersan","","TESA","XECI","Terek Sandpiper","Xenus cinereus"
"sposan","","SPSA","ACMA","Spotted Sandpiper","Actitis macularius"
"solsan","","SOSA","TRSO","Solitary Sandpiper","Tringa solitaria"
"gyttat1","","GTTA","TRBR","Gray-tailed Tattler","Tringa brevipes"
"wantat1","","WATA","TRIN","Wandering Tattler","Tringa incana"
"woosan","","WOSA","TRGL","Wood Sandpiper","Tringa glareola"
"lesyel","","LEYE","TRFL","Lesser Yellowlegs","Tringa flavipes"
"willet1","","WILL","TRSE","Willet","Tringa semipalmata"
"spored","","SPRE","TRER","Spotted Redshank","Tringa erythropus"
"greyel","","GRYE","TRME","Greater Yellowlegs","Tringa melanoleuca"
"rudtur","","RUTU","ARIN","Ruddy Turnstone","Arenaria interpres"
"blktur","","BLTU","ARME","Black Turnstone","Arenaria melanocephala"
"redkno","","REKN","CACA","Red Knot","Calidris canutus"
"surfbi","","SURF","CAVI","Surfbird","Calidris virgata"
"ruff","","RUFF","CAPU","Ruff","Calidris pugnax"
"shtsan","STSA","SPTS","CAAC","Sharp-tailed Sandpiper","Calidris acuminata"
"cursan","","CUSA","CAFE","Curlew Sandpiper","Calidris ferruginea"
"stisan","","STSA","CAHI","Stilt Sandpiper","Calidris himantopus"
"temsti","","TEST","CATE","Temminck's Stint","Calidris temminckii"
"rensti","","RNST","CARU","Red-necked Stint","Calidris ruficollis"
"spbsan1","","SBSA","CAPY","Spoon-billed Sandpiper","Calidris pygmaea"
"bubsan","","BBSA","CASU","Buff-breasted Sandpiper","Calidris subruficollis"
"sander","","SAND","CAAL","Sanderling","Calidris alba"
"dunlin","","DUNL","CAAL","Dunlin","Calidris alpina"
"pursan","","PUSA","CAMA","Purple Sandpiper","Calidris maritima"
"rocsan","","ROSA","CAPT","Rock Sandpiper","Calidris ptilocnemis"
"baisan","","BASA","CABA","Baird's Sandpiper","Calidris bairdii"
"litsti","","LIST","CAMI","Little Stint","Calidris minuta"
"whrsan","","WRSA","CAFU","White-rumped Sandpiper","Calidris fuscicollis"
"leasan","","LESA","CAMI","Least Sandpiper","Calidris minutilla"
"pecsan","","PESA","CAME","Pectoral Sandpiper","Calidris melanotos"
"wessan","","WESA","CAMA","Western Sandpiper","Calidris mauri"
"semsan","","SESA","CAPU","Semipalmated Sandpiper","Calidris pusilla"
"lotjae","LTSK","LTJA","STLO","Long-tailed Jaeger","Stercorarius longicaudus"
"parjae","ARJA ARSK","PAJA","STPA","Parasitic Jaeger","Stercorarius parasiticus"
"pomjae","POSK","POJA","STPO","Pomarine Jaeger","Stercorarius pomarinus"
"sopsku1","","SPSK","STMA","South Polar Skua","Stercorarius maccormicki"
"rhiauk","","RHAU","CEMO","Rhinoceros Auklet","Cerorhinca monocerata"
"tufpuf","","TUPU","FRCI","Tufted Puffin","Fratercula cirrhata"
"horpuf","","HOPU","FRCO","Horned Puffin","Fratercula corniculata"
"casauk","","CAAU","PTAL","Cassin's Auklet","Ptychoramphus aleuticus"
"creauk","","CRAU","AECR","Crested Auklet","Aethia cristatella"
"parauk","","PAAU","AEPS","Parakeet Auklet","Aethia psittacula"
"kitmur","","KIMU","BRBR","Kittlitz's Murrelet","Brachyramphus brevirostris"
"marmur","","MAMU","BRMA","Marbled Murrelet","Brachyramphus marmoratus"
"piggui","","PIGU","CECO","Pigeon Guillemot","Cepphus columba"
"doveki","LIAU","DOVE","ALAL","Dovekie","Alle alle"
"thbmur","BRGU","TBMU","URLO","Thick-billed Murre","Uria lomvia"
"commur","COGU","COMU","URAA","Common Murre","Uria aalge"
"ancmur","","ANMU","SYAN","Ancient Murrelet","Synthliboramphus antiquus"
"xanmur2","","SCMU","SYSC","Scripps's Murrelet","Synthliboramphus scrippsi"
"xanmur1","","GUMU","SYHY","Guadalupe Murrelet","Synthliboramphus hypoleucus"
"litgul","","LIGU","HYMI","Little Gull","Hydrocoloeus minutus"
"rosgul","","ROGU","RHRO","Ross's Gull","Rhodostethia rosea"
"bklkit","","BLKI","RITR","Black-legged Kittiwake","Rissa tridactyla"
"relkit","","RLKI","RIBR","Red-legged Kittiwake","Rissa brevirostris"
"ivogul","","IVGU","PAEB","Ivory Gull","Pagophila eburnea"
"sabgul","","SAGU","XESA","Sabine's Gull","Xema sabini"
"bongul","","BOGU","CHPH","Bonaparte's Gull","Chroicocephalus philadelphia"
"bkhgul","","BHGU","CHRI","Black-headed Gull","Chroicocephalus ridibundus"
"laugul","","LAGU","LEAT","Laughing Gull","Leucophaeus atricilla"
"fragul","","FRGU","LEPI","Franklin's Gull","Leucophaeus pipixcan"
"bktgul","","BTGU","LACR","Black-tailed Gull","Larus crassirostris"
"heegul","HEGU","HEEG","LAHE","Heermann's Gull","Larus heermanni"
"mewgul2","MEGU SBGU","SBIG","LABR","Short-billed Gull","Larus brachyrhynchus"
"ribgul","","RBGU","LADE","Ring-billed Gull","Larus delawarensis"
"wesgul","","WEGU","LAOC","Western Gull","Larus occidentalis"
"hergul","AHHG EHGU HEGU","HERG","LAAR","Herring Gull","Larus argentatus"
"gbbgul","","GBBG","LAMA","Great Black-backed Gull","Larus marinus"
"glagul","","GLGU","LAHY","Glaucous Gull","Larus hyperboreus"
"nelgul","AHHG EHGU GLGU HEGU HERG","","LAAR LAHY","Herring x Glaucous Gull (hybrid)","Larus argentatus x hyperboreus"
"lbbgul","","LBBG","LAFU","Lesser Black-backed Gull","Larus fuscus"
"calgul","","CAGU","LACA","California Gull","Larus californicus"
"glwgul","","GWGU","LAGL","Glaucous-winged Gull","Larus glaucescens"
"x00051","WEGU GWGU","WGWH","LAGL LAOC","Western x Glaucous-winged Gull (hybrid)","Larus occidentalis x glaucescens"
"x00050","AHHG EHGU HEGU HERG GWGU","","LAAR LAGL","Herring x Glaucous-winged Gull (hybrid)","Larus argentatus x glaucescens"
"x00048","GLGU GWGU","","LAGL LAHY","Glaucous x Glaucous-winged Gull (hybrid)","Larus hyperboreus x glaucescens"
"slbgul","SBGU","SBAG","LASC","Slaty-backed Gull","Larus schistisagus"
"x00436","GWGU SBAG SBGU","","LAGL LASC","Glaucous-winged x Slaty-backed Gull (hybrid)","Larus glaucescens x schistisagus"
"y00478","","ICGU","LAGL","Iceland Gull","Larus glaucoides"
"leater1","","LETE","STAN","Least Tern","Sternula antillarum"
"caster1","","CATE","HYCA","Caspian Tern","Hydroprogne caspia"
"blkter","","BLTE","CHNI","Black Tern","Chlidonias niger"
"forter","","FOTE","STFO","Forster's Tern","Sterna forsteri"
"arcter","","ARTE","STPA","Arctic Tern","Sterna paradisaea"
"comter","","COTE","STHI","Common Tern","Sterna hirundo"
"eleter1","","ELTE","THEL","Elegant Tern","Thalasseus elegans"
"retloo","RTDI","RTLO","GAST","Red-throated Loon","Gavia stellata"
"arcloo","BTDI BTLO","ARLO","GAAR","Arctic Loon","Gavia arctica"
"pacloo","PADI","PALO","GAPA","Pacific Loon","Gavia pacifica"
"comloo","GNDI","COLO","GAIM","Common Loon","Gavia immer"
"yebloo","WBDI","YBLO","GAAD","Yellow-billed Loon","Gavia adamsii"
"layalb","","LAAL","PHIM","Laysan Albatross","Phoebastria immutabilis"
"bkfalb","","BFAL","PHNI","Black-footed Albatross","Phoebastria nigripes"
"shtalb","","STAL","PHAL","Short-tailed Albatross","Phoebastria albatrus"
"ftspet","","FTSP","HYFU","Fork-tailed Storm-Petrel","Hydrobates furcatus"
"lcspet","LSPE","LESP","HYLE","Leach's Storm-Petrel","Hydrobates leucorhous"
"norful","","NOFU","FUGL","Northern Fulmar","Fulmarus glacialis"
"murpet","","MUPE","PTUL","Murphy's Petrel","Pterodroma ultima"
"motpet","","MOPE","PTIN","Mottled Petrel","Pterodroma inexpectata"
"hawpet1","","HAPE","PTSA","Hawaiian Petrel","Pterodroma sandwichensis"
"coopet","","COPE","PTCO","Cook's Petrel","Pterodroma cookii"
"pifshe","","PFSH","ARCR","Pink-footed Shearwater","Ardenna creatopus"
"flfshe","","FFSH","ARCA","Flesh-footed Shearwater","Ardenna carneipes"
"greshe","","GRSH","ARGR","Great Shearwater","Ardenna gravis"
"bulshe","BUSH","BULS","ARBU","Buller's Shearwater","Ardenna bulleri"
"sooshe","","SOSH","ARGR","Sooty Shearwater","Ardenna grisea"
"shtshe","STSH","STTS","ARTE","Short-tailed Shearwater","Ardenna tenuirostris"
"manshe","","MASH","PUPU","Manx Shearwater","Puffinus puffinus"
"bkvshe","","BVSH","PUOP","Black-vented Shearwater","Puffinus opisthomelas"
"woosto","","WOST","MYAM","Wood Stork","Mycteria americana"
"brnboo","","BRBO","SULE","Brown Booby","Sula leucogaster"
"nazboo1","","NABO","SUGR","Nazca Booby","Sula granti"
"bracor","BRCO","BRAC","URPE","Brandt's Cormorant","Urile penicillatus"
"refcor","","RFCO","URUR","Red-faced Cormorant","Urile urile"
"pelcor","","PECO","URPE","Pelagic Cormorant","Urile pelagicus"
"doccor","","DCCO","NAAU","Double-crested Cormorant","Nannopterum auritum"
"amwpel","","AWPE","PEER","American White Pelican","Pelecanus erythrorhynchos"
"brnpel","","BRPE","PEOC","Brown Pelican","Pelecanus occidentalis"
"amebit","","AMBI","BOLE","American Bittern","Botaurus lentiginosus"
"bcnher","","BCNH","NYNY","Black-crowned Night Heron","Nycticorax nycticorax"
"libher","","LBHE","EGCA","Little Blue Heron","Egretta caerulea"
"snoegr","","SNEG","EGTH","Snowy Egret","Egretta thula"
"grnher","GBHE","GRHE","BUVI","Green Heron","Butorides virescens"
"categr1","WCEG","CAEG","BUIB","Western Cattle Egret","Bubulcus ibis"
"greegr","WHHE GWEG","GREG","ARAL","Great Egret","Ardea alba"
"grbher3","GBWH","GBHE","ARHE","Great Blue Heron","Ardea herodias"
"whfibi","","WFIB","PLCH","White-faced Ibis","Plegadis chihi"
"blkvul","ABVU","BLVU","COAT","Black Vulture","Coragyps atratus"
"turvul","","TUVU","CAAU","Turkey Vulture","Cathartes aura"
"osprey","","OSPR","PAHA","Osprey","Pandion haliaetus"
"whtkit","","WTKI","ELLE","White-tailed Kite","Elanus leucurus"
"goleag","","GOEA","AQCH","Golden Eagle","Aquila chrysaetos"
"norhar2","","NOHA","CIHU","Northern Harrier","Circus hudsonius"
"shshaw","SSBB","SSHA","ACST","Sharp-shinned Hawk","Accipiter striatus"
"coohaw","","COHA","ACCO","Cooper's Hawk","Accipiter cooperii"
"norgos","NOGO AMGO","AGOS","ACAT","American Goshawk","Accipiter atricapillus"
"baleag","","BAEA","HALE","Bald Eagle","Haliaeetus leucocephalus"
"hrshaw","","HAHA","PAUN","Harris's Hawk","Parabuteo unicinctus"
"reshaw","","RSHA","BULI","Red-shouldered Hawk","Buteo lineatus"
"brwhaw","","BWHA","BUPL","Broad-winged Hawk","Buteo platypterus"
"swahaw","","SWHA","BUSW","Swainson's Hawk","Buteo swainsoni"
"rethaw","","RTHA","BUJA","Red-tailed Hawk","Buteo jamaicensis"
"rolhaw","RLBU","RLHA","BULA","Rough-legged Hawk","Buteo lagopus"
"x00731","RLHA RTHA RLBU","","BUJA BULA","Red-tailed x Rough-legged Hawk (hybrid)","Buteo jamaicensis x lagopus"
"ferhaw","","FEHA","BURE","Ferruginous Hawk","Buteo regalis"
"brnowl","CBOW BAOW WBOW COBO","BANO","TYAL","Barn Owl","Tyto alba"
"flaowl","","FLOW","PSFL","Flammulated Owl","Psiloscops flammeolus"
"wesowl1","WSOW","WESO","MEKE","Western Screech-Owl","Megascops kennicottii"
"snoowl1","","SNOW","BUSC","Snowy Owl","Bubo scandiacus"
"grhowl","","GHOW","BUVI","Great Horned Owl","Bubo virginianus"
"nohowl","NOHO","NHOW","SUUL","Northern Hawk Owl","Surnia ulula"
"nopowl","NPOW","NOPO","GLGN","Northern Pygmy-Owl","Glaucidium gnoma"
"burowl","","BUOW","ATCU","Burrowing Owl","Athene cunicularia"
"spoowl","","SPOW","STOC","Spotted Owl","Strix occidentalis"
"brdowl","BAOW","BADO","STVA","Barred Owl","Strix varia"
"grgowl","","GGOW","STNE","Great Gray Owl","Strix nebulosa"
"loeowl","NLEO","LEOW","ASOT","Long-eared Owl","Asio otus"
"sheowl","","SEOW","ASFL","Short-eared Owl","Asio flammeus"
"borowl","TEOW","BOOW","AEFU","Boreal Owl","Aegolius funereus"
"nswowl","","NSWO","AEAC","Northern Saw-whet Owl","Aegolius acadicus"
"belkin1","","BEKI","MEAL","Belted Kingfisher","Megaceryle alcyon"
"wilsap","","WISA","SPTH","Williamson's Sapsucker","Sphyrapicus thyroideus"
"yebsap","","YBSA","SPVA","Yellow-bellied Sapsucker","Sphyrapicus varius"
"rensap","","RNSA","SPNU","Red-naped Sapsucker","Sphyrapicus nuchalis"
"x00634","RNSA YBSA","","SPNU SPVA","Yellow-bellied x Red-naped Sapsucker (hybrid)","Sphyrapicus varius x nuchalis"
"rebsap","","RBSA","SPRU","Red-breasted Sapsucker","Sphyrapicus ruber"
"x00712","RBSA YBSA","","SPRU SPVA","Yellow-bellied x Red-breasted Sapsucker (hybrid)","Sphyrapicus varius x ruber"
"rnxsap1","RBSA RNSA","","SPNU SPRU","Red-naped x Red-breasted Sapsucker (hybrid)","Sphyrapicus nuchalis x ruber"
"lewwoo","","LEWO","MELE","Lewis's Woodpecker","Melanerpes lewis"
"rehwoo","","RHWO","MEER","Red-headed Woodpecker","Melanerpes erythrocephalus"
"acowoo","","ACWO","MEFO","Acorn Woodpecker","Melanerpes formicivorus"
"attwoo1","TTWO","ATTW","PIDO","American Three-toed Woodpecker","Picoides dorsalis"
"bkbwoo","","BBWO","PIAR","Black-backed Woodpecker","Picoides arcticus"
"dowwoo","","DOWO","DRPU","Downy Woodpecker","Dryobates pubescens"
"haiwoo","","HAWO","DRVI","Hairy Woodpecker","Dryobates villosus"
"whhwoo","","WHWO","DRAL","White-headed Woodpecker","Dryobates albolarvatus"
"pilwoo","","PIWO","DRPI","Pileated Woodpecker","Dryocopus pileatus"
"norfli","YSSF","NOFL","COAU","Northern Flicker","Colaptes auratus"
"y00678","","CRCA","CAPL","Crested Caracara","Caracara plancus"
"amekes","","AMKE","FASP","American Kestrel","Falco sparverius"
"merlin","","MERL","FACO","Merlin","Falco columbarius"
"gyrfal","GYFA","GYRF","FARU","Gyrfalcon","Falco rusticolus"
"perfal","","PEFA","FAPE","Peregrine Falcon","Falco peregrinus"
"prafal","","PRFA","FAME","Prairie Falcon","Falco mexicanus"
"cockat","COCK","","NYHO","Cockatiel","Nymphicus hollandicus"
"budger","","BUDG","MEUN","Budgerigar","Melopsittacus undulatus"
"monpar","","MOPA","MYMO","Monk Parakeet","Myiopsitta monachus"
"olsfly","","OSFL","COCO","Olive-sided Flycatcher","Contopus cooperi"
"wewpew","WWPE","WEWP","COSO","Western Wood-Pewee","Contopus sordidulus"
"yebfly","","YBFL","EMFL","Yellow-bellied Flycatcher","Empidonax flaviventris"
"aldfly","","ALFL","EMAL","Alder Flycatcher","Empidonax alnorum"
"wilfly","","WIFL","EMTR","Willow Flycatcher","Empidonax traillii"
"leafly","","LEFL","EMMI","Least Flycatcher","Empidonax minimus"
"hamfly","","HAFL","EMHA","Hammond's Flycatcher","Empidonax hammondii"
"gryfly","AGFL","GRFL","EMWR","Gray Flycatcher","Empidonax wrightii"
"dusfly","ADFL","DUFL","EMOB","Dusky Flycatcher","Empidonax oberholseri"
"wesfly","PSFL","WEFL","EMDI","Western Flycatcher","Empidonax difficilis"
"blkpho","","BLPH","SANI","Black Phoebe","Sayornis nigricans"
"easpho","","EAPH","SAPH","Eastern Phoebe","Sayornis phoebe"
"saypho","","SAPH","SASA","Say's Phoebe","Sayornis saya"
"verfly","VFSP","VEFL","PYRU","Vermilion Flycatcher","Pyrocephalus rubinus"
"astfly","","ATFL","MYCI","Ash-throated Flycatcher","Myiarchus cinerascens"
"grcfly","","GCFL","MYCR","Great Crested Flycatcher","Myiarchus crinitus"
"trokin","","TRKI","TYME","Tropical Kingbird","Tyrannus melancholicus"
"weskin","","WEKI","TYVE","Western Kingbird","Tyrannus verticalis"
"easkin","","EAKI","TYTY","Eastern Kingbird","Tyrannus tyrannus"
"x00718","WEKI EAKI","","TYTY TYVE","Western x Eastern Kingbird (hybrid)","Tyrannus verticalis x tyrannus"
"sctfly","","STFL","TYFO","Scissor-tailed Flycatcher","Tyrannus forficatus"
"bkcvir1","","BCVI","VIAT","Black-capped Vireo","Vireo atricapilla"
"whevir","","WEVI","VIGR","White-eyed Vireo","Vireo griseus"
"belvir","","BEVI","VIBE","Bell's Vireo","Vireo bellii"
"hutvir","","HUVI","VIHU","Hutton's Vireo","Vireo huttoni"
"casvir","","CAVI","VICA","Cassin's Vireo","Vireo cassinii"
"buhvir","","BHVI","VISO","Blue-headed Vireo","Vireo solitarius"
"phivir","","PHVI","VIPH","Philadelphia Vireo","Vireo philadelphicus"
"warvir","","WAVI","VIGI","Warbling Vireo","Vireo gilvus"
"reevir1","","REVI","VIOL","Red-eyed Vireo","Vireo olivaceus"
"yegvir","","YGVI","VIFL","Yellow-green Vireo","Vireo flavoviridis"
"rebshr1","","RBSH","LACO","Red-backed Shrike","Lanius collurio"
"brnshr","BRSH","BROS","LACR","Brown Shrike","Lanius cristatus"
"logshr","","LOSH","LALU","Loggerhead Shrike","Lanius ludovicianus"
"norshr4","NGSH NOSH","NSHR","LABO","Northern Shrike","Lanius borealis"
"gryjay","GRJA","CAJA","PECA","Canada Jay","Perisoreus canadensis"
"pinjay","","PIJA","GYCY","Pinyon Jay","Gymnorhinus cyanocephalus"
"stejay","","STJA","CYST","Steller's Jay","Cyanocitta stelleri"
"blujay","","BLJA","CYCR","Blue Jay","Cyanocitta cristata"
"x00622","BLJA STJA","","CYST CYCR","Steller's x Blue Jay (hybrid)","Cyanocitta stelleri x cristata"
"cowscj1","CSJA WSJA","CASJ","APCA","California Scrub-Jay","Aphelocoma californica"
"x00964","CSJA CASJ WSJA STJA","","CYST APCA","Steller's Jay x California Scrub-Jay (hybrid)","Cyanocitta stelleri x Aphelocoma californica"
"bkbmag1","AMMA","BBMA","PIHU","Black-billed Magpie","Pica hudsonia"
"clanut","","CLNU","NUCO","Clark's Nutcracker","Nucifraga columbiana"
"amecro","","AMCR","COBR","American Crow","Corvus brachyrhynchos"
"comrav","NORA","CORA","COCO","Common Raven","Corvus corax"
"bkcchi","","BCCH","POAT","Black-capped Chickadee","Poecile atricapillus"
"mouchi","","MOCH","POGA","Mountain Chickadee","Poecile gambeli"
"x00623","BCCH MOCH","","POGA POAT","Black-capped x Mountain Chickadee (hybrid)","Poecile atricapillus x gambeli"
"chbchi","","CBCH","PORU","Chestnut-backed Chickadee","Poecile rufescens"
"borchi2","","BOCH","POHU","Boreal Chickadee","Poecile hudsonicus"
"horlar","SHLA","HOLA","ERAL","Horned Lark","Eremophila alpestris"
"skylar","SKYL","EUSK","ALAR","Eurasian Skylark","Alauda arvensis"
"banswa","SAMA BASW CSMA","BANS","RIRI","Bank Swallow","Riparia riparia"
"treswa","TRSW","TRES","TABI","Tree Swallow","Tachycineta bicolor"
"vigswa","","VGSW","TATH","Violet-green Swallow","Tachycineta thalassina"
"purmar","","PUMA","PRSU","Purple Martin","Progne subis"
"nrwswa","","NRWS","STSE","Northern Rough-winged Swallow","Stelgidopteryx serripennis"
"barswa","BASW","BARS","HIRU","Barn Swallow","Hirundo rustica"
"cliswa","ACSW","CLSW","PEPY","Cliff Swallow","Petrochelidon pyrrhonota"
"x00661","ACSW VGSW CLSW","","TATH PEPY","Violet-green x Cliff Swallow (hybrid)","Tachycineta thalassina x Petrochelidon pyrrhonota"
"cavswa","","CASW","PEFU","Cave Swallow","Petrochelidon fulva"
"yebwar3","","YBWA","PHIN","Yellow-browed Warbler","Phylloscopus inornatus"
"bushti","AMBU","BUSH","PSMI","Bushtit","Psaltriparus minimus"
"ruckin","","RCKI","COCA","Ruby-crowned Kinglet","Corthylio calendula"
"gockin","","GCKI","RESA","Golden-crowned Kinglet","Regulus satrapa"
"whbnut","","WBNU","SICA","White-breasted Nuthatch","Sitta carolinensis"
"pygnut","","PYNU","SIPY","Pygmy Nuthatch","Sitta pygmaea"
"rebnut","","RBNU","SICA","Red-breasted Nuthatch","Sitta canadensis"
"brncre","AMTR ABCR","BRCR","CEAM","Brown Creeper","Certhia americana"
"buggna","","BGGN","POCA","Blue-gray Gnatcatcher","Polioptila caerulea"
"rocwre","ARWR","ROWR","SAOB","Rock Wren","Salpinctes obsoletus"
"canwre","CAWR","CANW","CAME","Canyon Wren","Catherpes mexicanus"
"houwre","","HOWR","TRAE","House Wren","Troglodytes aedon"
"pacwre1","","PAWR","TRPA","Pacific Wren","Troglodytes pacificus"
"winwre3","AWWR","WIWR","TRHI","Winter Wren","Troglodytes hiemalis"
"sedwre1","","SEWR","CIST","Sedge Wren","Cistothorus stellaris"
"marwre","","MAWR","CIPA","Marsh Wren","Cistothorus palustris"
"bewwre","","BEWR","THBE","Bewick's Wren","Thryomanes bewickii"
"amedip","","AMDI","CIME","American Dipper","Cinclus mexicanus"
"eursta","COST","EUST","STVU","European Starling","Sturnus vulgaris"
"cremyn","CRMY","","ACCR","Crested Myna","Acridotheres cristatellus"
"grycat","","GRCA","DUCA","Gray Catbird","Dumetella carolinensis"
"brnthr","","BRTH","TORU","Brown Thrasher","Toxostoma rufum"
"sagthr","","SATH","ORMO","Sage Thrasher","Oreoscoptes montanus"
"normoc","","NOMO","MIPO","Northern Mockingbird","Mimus polyglottos"
"easblu","","EABL","SISI","Eastern Bluebird","Sialia sialis"
"wesblu","","WEBL","SIME","Western Bluebird","Sialia mexicana"
"moublu","","MOBL","SICU","Mountain Bluebird","Sialia currucoides"
"towsol","","TOSO","MYTO","Townsend's Solitaire","Myadestes townsendi"
"varthr","","VATH","IXNA","Varied Thrush","Ixoreus naevius"
"veery","","VEER","CAFU","Veery","Catharus fuscescens"
"gycthr","","GCTH","CAMI","Gray-cheeked Thrush","Catharus minimus"
"swathr","RBTH","SWTH","CAUS","Swainson's Thrush","Catharus ustulatus"
"herthr","","HETH","CAGU","Hermit Thrush","Catharus guttatus"
"woothr","","WOTH","HYMU","Wood Thrush","Hylocichla mustelina"
"redwin","","REDW","TUIL","Redwing","Turdus iliacus"
"amerob","ALRO","AMRO","TUMI","American Robin","Turdus migratorius"
"fieldf","","FIEL","TUPI","Fieldfare","Turdus pilaris"
"dusthr2","","DUTH","TUEU","Dusky Thrush","Turdus eunomus"
"refblu","OFBR","RFBL","TACY","Red-flanked Bluetail","Tarsiger cyanurus"
"norwhe","","NOWH","OEOE","Northern Wheatear","Oenanthe oenanthe"
"bohwax","","BOWA","BOGA","Bohemian Waxwing","Bombycilla garrulus"
"cedwax","CEWA","CEDW","BOCE","Cedar Waxwing","Bombycilla cedrorum"
"zebfin2","SZFI TZFI ZEFI","","TAGU","Zebra Finch","Taeniopygia guttata"
"whrmun","WRMU","","LOST","White-rumped Munia","Lonchura striata"
"sibacc","","SIAC","PRMO","Siberian Accentor","Prunella montanella"
"houspa","","HOSP","PADO","House Sparrow","Passer domesticus"
"eutspa","","ETSP","PAMO","Eurasian Tree Sparrow","Passer montanus"
"eaywag","","EYWA","MOTS","Eastern Yellow Wagtail","Motacilla tschutschensis"
"citwag","","CIWA","MOCI","Citrine Wagtail","Motacilla citreola"
"whiwag","PWWA","WHWA","MOAL","White Wagtail","Motacilla alba"
"retpip","","RTPI","ANCE","Red-throated Pipit","Anthus cervinus"
"amepip","BBPI","AMPI","ANRU","American Pipit","Anthus rubescens"
"sprpip","","SPPI","ANSP","Sprague's Pipit","Anthus spragueii"
"brambl","","BRAM","FRMO","Brambling","Fringilla montifringilla"
"evegro","","EVGR","COVE","Evening Grosbeak","Coccothraustes vespertinus"
"pingro","","PIGR","PIEN","Pine Grosbeak","Pinicola enucleator"
"eurbul","","EUBU","PYPY","Eurasian Bullfinch","Pyrrhula pyrrhula"
"gcrfin","","GCRF","LETE","Gray-crowned Rosy-Finch","Leucosticte tephrocotis"
"houfin","","HOFI","HAME","House Finch","Haemorhous mexicanus"
"purfin","","PUFI","HAPU","Purple Finch","Haemorhous purpureus"
"casfin","","CAFI","HACA","Cassin's Finch","Haemorhous cassinii"
"origre","GCGR","ORGR","CHSI","Oriental Greenfinch","Chloris sinica"
"comred","REDP","CORE","ACFL","Common Redpoll","Acanthis flammea"
"hoared","REDP ARRE","HORE","ACHO","Hoary Redpoll","Acanthis hornemanni"
"redcro","COCR","RECR","LOCU","Red Crossbill","Loxia curvirostra"
"whwcro","TBCR","WWCR","LOLE","White-winged Crossbill","Loxia leucoptera"
"eurgol","EUGO","EGOL","CACA","European Goldfinch","Carduelis carduelis"
"pinsis","","PISI","SPPI","Pine Siskin","Spinus pinus"
"lesgol","","LEGO","SPPS","Lesser Goldfinch","Spinus psaltria"
"amegfi","AMGO","AGOL","SPTR","American Goldfinch","Spinus tristis"
"x00905","AGOL AMGO PISI","","SPPI SPTR","Pine Siskin x American Goldfinch (hybrid)","Spinus pinus x tristis"
"laplon","LABU","LALO","CALA","Lapland Longspur","Calcarius lapponicus"
"chclon","","CCLO","CAOR","Chestnut-collared Longspur","Calcarius ornatus"
"smilon","","SMLO","CAPI","Smith's Longspur","Calcarius pictus"
"mcclon","","TBLO","RHMC","Thick-billed Longspur","Rhynchophanes mccownii"
"snobun","","SNBU","PLNI","Snow Bunting","Plectrophenax nivalis"
"mckbun","MCBU","MKBU","PLHY","McKay's Bunting","Plectrophenax hyperboreus"
"pinbun","","PIBU","EMLE","Pine Bunting","Emberiza leucocephalos"
"palbun","PRBU PABU","PALB","EMPA","Pallas's Bunting","Emberiza pallasi"
"rusbun","","RUBU","EMRU","Rustic Bunting","Emberiza rustica"
"graspa","","GRSP","AMSA","Grasshopper Sparrow","Ammodramus savannarum"
"chispa","","CHSP","SPPA","Chipping Sparrow","Spizella passerina"
"clcspa","","CCSP","SPPA","Clay-colored Sparrow","Spizella pallida"
"fiespa","","FISP","SPPU","Field Sparrow","Spizella pusilla"
"brespa","","BRSP","SPBR","Brewer's Sparrow","Spizella breweri"
"bktspa","","BTSP","AMBI","Black-throated Sparrow","Amphispiza bilineata"
"larspa","","LASP","CHGR","Lark Sparrow","Chondestes grammacus"
"larbun","LABU","LARB","CAME","Lark Bunting","Calamospiza melanocorys"
"amtspa","","ATSP","SPAR","American Tree Sparrow","Spizelloides arborea"
"foxspa","FSSP","FOSP","PAIL","Fox Sparrow","Passerella iliaca"
"daejun","","DEJU","JUHY","Dark-eyed Junco","Junco hyemalis"
"whcspa","","WCSP","ZOLE","White-crowned Sparrow","Zonotrichia leucophrys"
"gocspa","","GCSP","ZOAT","Golden-crowned Sparrow","Zonotrichia atricapilla"
"x00053","GCSP WCSP","","ZOLE ZOAT","White-crowned x Golden-crowned Sparrow (hybrid)","Zonotrichia leucophrys x atricapilla"
"harspa","","HASP","ZOQU","Harris's Sparrow","Zonotrichia querula"
"whtspa","","WTSP","ZOAL","White-throated Sparrow","Zonotrichia albicollis"
"x00720","GCSP WTSP","","ZOAL ZOAT","Golden-crowned x White-throated Sparrow (hybrid)","Zonotrichia atricapilla x albicollis"
"x00039","WTSP DEJU","","JUHY ZOAL","Dark-eyed Junco x White-throated Sparrow (hybrid)","Junco hyemalis x Zonotrichia albicollis"
"sagspa1","SASP","SABS","ARNE","Sagebrush Sparrow","Artemisiospiza nevadensis"
"vesspa","","VESP","POGR","Vesper Sparrow","Pooecetes gramineus"
"lecspa","LESP","LCSP","AMLE","LeConte's Sparrow","Ammospiza leconteii"
"nstspa","","NESP","AMNE","Nelson's Sparrow","Ammospiza nelsoni"
"savspa","SASP SBBS","SAVS","PASA","Savannah Sparrow","Passerculus sandwichensis"
"sonspa","","SOSP","MEME","Song Sparrow","Melospiza melodia"
"linspa","","LISP","MELI","Lincoln's Sparrow","Melospiza lincolnii"
"swaspa","","SWSP","MEGE","Swamp Sparrow","Melospiza georgiana"
"gnttow","","GTTO","PICH","Green-tailed Towhee","Pipilo chlorurus"
"spotow","","SPTO","PIMA","Spotted Towhee","Pipilo maculatus"
"yebcha","","YBCH","ICVI","Yellow-breasted Chat","Icteria virens"
"yehbla","","YHBL","XAXA","Yellow-headed Blackbird","Xanthocephalus xanthocephalus"
"boboli","","BOBO","DOOR","Bobolink","Dolichonyx oryzivorus"
"wesmea","","WEME","STNE","Western Meadowlark","Sturnella neglecta"
"orcori","","OROR","ICSP","Orchard Oriole","Icterus spurius"
"hooori","","HOOR","ICCU","Hooded Oriole","Icterus cucullatus"
"bulori","","BUOR","ICBU","Bullock's Oriole","Icterus bullockii"
"balori","","BAOR","ICGA","Baltimore Oriole","Icterus galbula"
"x00013","BAOR BUOR","BBOH","ICGA ICBU","Bullock's x Baltimore Oriole (hybrid)","Icterus bullockii x galbula"
"rewbla","","RWBL","AGPH","Red-winged Blackbird","Agelaius phoeniceus"
"bnhcow","","BHCO","MOAT","Brown-headed Cowbird","Molothrus ater"
"rusbla","","RUBL","EUCA","Rusty Blackbird","Euphagus carolinus"
"brebla","","BRBL","EUCY","Brewer's Blackbird","Euphagus cyanocephalus"
"comgra","","COGR","QUQU","Common Grackle","Quiscalus quiscula"
"grtgra","","GTGR","QUME","Great-tailed Grackle","Quiscalus mexicanus"
"ovenbi1","","OVEN","SEAU","Ovenbird","Seiurus aurocapilla"
"norwat","","NOWA","PANO","Northern Waterthrush","Parkesia noveboracensis"
"gowwar","","GWWA","VECH","Golden-winged Warbler","Vermivora chrysoptera"
"bawwar","","BAWW","MNVA","Black-and-white Warbler","Mniotilta varia"
"prowar","PRWA","PROW","PRCI","Prothonotary Warbler","Protonotaria citrea"
"tenwar","","TEWA","LEPE","Tennessee Warbler","Leiothlypis peregrina"
"orcwar","","OCWA","LECE","Orange-crowned Warbler","Leiothlypis celata"
"lucwar","","LUWA","LELU","Lucy's Warbler","Leiothlypis luciae"
"naswar","","NAWA","LERU","Nashville Warbler","Leiothlypis ruficapilla"
"conwar","COWA","CONW","OPAG","Connecticut Warbler","Oporornis agilis"
"macwar","MAWA","MGWA","GETO","MacGillivray's Warbler","Geothlypis tolmiei"
"mouwar","","MOWA","GEPH","Mourning Warbler","Geothlypis philadelphia"
"x00699","MGWA MOWA MAWA","","GETO GEPH","MacGillivray's x Mourning Warbler (hybrid)","Geothlypis tolmiei x philadelphia"
"comyel","","COYE","GETR","Common Yellowthroat","Geothlypis trichas"
"hoowar","","HOWA","SECI","Hooded Warbler","Setophaga citrina"
"amered","","AMRE","SERU","American Redstart","Setophaga ruticilla"
"camwar","","CMWA","SETI","Cape May Warbler","Setophaga tigrina"
"norpar","","NOPA","SEAM","Northern Parula","Setophaga americana"
"magwar","","MAWA","SEMA","Magnolia Warbler","Setophaga magnolia"
"babwar","","BBWA","SECA","Bay-breasted Warbler","Setophaga castanea"
"bkbwar","BLWA","BLBW","SEFU","Blackburnian Warbler","Setophaga fusca"
"yelwar","AYWA MAWA","YEWA","SEPE","Yellow Warbler","Setophaga petechia"
"chswar","","CSWA","SEPE","Chestnut-sided Warbler","Setophaga pensylvanica"
"bkpwar","BLWA","BLPW","SEST","Blackpoll Warbler","Setophaga striata"
"btbwar","","BTBW","SECA","Black-throated Blue Warbler","Setophaga caerulescens"
"palwar","","PAWA","SEPA","Palm Warbler","Setophaga palmarum"
"pinwar","","PIWA","SEPI","Pine Warbler","Setophaga pinus"
"yerwar","MYWA","YRWA","SECO","Yellow-rumped Warbler","Setophaga coronata"
"yetwar","","YTWA","SEDO","Yellow-throated Warbler","Setophaga dominica"
"prawar","PRWA","PRAW","SEDI","Prairie Warbler","Setophaga discolor"
"btywar","BTGW","BTYW","SENI","Black-throated Gray Warbler","Setophaga nigrescens"
"towwar","","TOWA","SETO","Townsend's Warbler","Setophaga townsendi"
"x00867","BTGW TOWA BTYW","","SENI SETO","Black-throated Gray x Townsend's Warbler (hybrid)","Setophaga nigrescens x townsendi"
"herwar","","HEWA","SEOC","Hermit Warbler","Setophaga occidentalis"
"x00059","HEWA TOWA","THWH","SEOC SETO","Townsend's x Hermit Warbler (hybrid)","Setophaga townsendi x occidentalis"
"btnwar","BTGW","BTNW","SEVI","Black-throated Green Warbler","Setophaga virens"
"x00664","BTNW BTGW TOWA","","SETO SEVI","Townsend's x Black-throated Green Warbler (hybrid)","Setophaga townsendi x virens"
"canwar","","CAWA","CACA","Canada Warbler","Cardellina canadensis"
"wlswar","","WIWA","CAPU","Wilson's Warbler","Cardellina pusilla"
"paired","PAWH","PARE","MYPI","Painted Redstart","Myioborus pictus"
"sumtan","","SUTA","PIRU","Summer Tanager","Piranga rubra"
"scatan","","SCTA","PIOL","Scarlet Tanager","Piranga olivacea"
"westan","","WETA","PILU","Western Tanager","Piranga ludoviciana"
"norcar","","NOCA","CACA","Northern Cardinal","Cardinalis cardinalis"
"robgro","","RBGR","PHLU","Rose-breasted Grosbeak","Pheucticus ludovicianus"
"bkhgro","","BHGR","PHME","Black-headed Grosbeak","Pheucticus melanocephalus"
"x00448","RBGR BHGR","","PHLU PHME","Rose-breasted x Black-headed Grosbeak (hybrid)","Pheucticus ludovicianus x melanocephalus"
"blugrb1","","BLGR","PACA","Blue Grosbeak","Passerina caerulea"
"lazbun","LABU","LAZB","PAAM","Lazuli Bunting","Passerina amoena"
"indbun","","INBU","PACY","Indigo Bunting","Passerina cyanea"
"ixlbun","INBU LAZB LABU","ILBH","PAAM PACY","Lazuli x Indigo Bunting (hybrid)","Passerina amoena x cyanea"
"paibun","","PABU","PACI","Painted Bunting","Passerina ciris"
"dickci","","DICK","SPAM","Dickcissel","Spiza americana"
"saffin","","SAFI","SIFL","Saffron Finch","Sicalis flaveola"
"hrthaw1","RTHA","HRLH","BUJA","Red-tailed Hawk (Harlan's)","Buteo jamaicensis harlani"
"myrwar","MYWA YRWA","MYWA","SECO","Yellow-rumped Warbler (Myrtle)","Setophaga coronata coronata"
"audwar","MYWA YRWA","AUWA","SECO","Yellow-rumped Warbler (Audubon's)","Setophaga coronata auduboni"
